adsh,tag,version,coreg,ddate,qtrs,uom,value,footnote
0001193125-12-316848,AccountsPayableCurrent,us-gaap/2012,,20110630,0,USD,4197000000.0,
0001193125-12-316848,AccountsPayableCurrent,us-gaap/2012,,20120630,0,USD,4175000000.0,
0001193125-12-316848,AccountsReceivableNetCurrent,us-gaap/2012,,20110630,0,USD,14987000000.0,
0001193125-12-316848,AccountsReceivableNetCurrent,us-gaap/2012,,20120630,0,USD,15780000000.0,
0001193125-12-316848,AccruedIncomeTaxesCurrent,us-gaap/2012,,20110630,0,USD,580000000.0,
0001193125-12-316848,AccruedIncomeTaxesCurrent,us-gaap/2012,,20120630,0,USD,789000000.0,
0001193125-12-316848,AccruedIncomeTaxesNoncurrent,us-gaap/2012,,20110630,0,USD,7381000000.0,
0001193125-12-316848,AccruedIncomeTaxesNoncurrent,us-gaap/2012,,20120630,0,USD,7634000000.0,
0001193125-12-316848,AccumulatedDepreciationDepletionAndAmortizationPropertyPlantAndEquipment,us-gaap/2012,,20120630,0,USD,10962000000.0,
0001193125-12-316848,AccumulatedDepreciationDepletionAndAmortizationPropertyPlantAndEquipment,us-gaap/2012,,20110630,0,USD,9829000000.0,
0001193125-12-316848,AccumulatedOtherComprehensiveIncomeLossAvailableForSaleSecuritiesAdjustmentNetOfTax,us-gaap/2012,,20110630,0,USD,1821000000.0,
0001193125-12-316848,AccumulatedOtherComprehensiveIncomeLossAvailableForSaleSecuritiesAdjustmentNetOfTax,us-gaap/2012,,20100630,0,USD,767000000.0,
0001193125-12-316848,AccumulatedOtherComprehensiveIncomeLossAvailableForSaleSecuritiesAdjustmentNetOfTax,us-gaap/2012,,20120630,0,USD,1431000000.0,
0001193125-12-316848,AccumulatedOtherComprehensiveIncomeLossCumulativeChangesInNetGainLossFromCashFlowHedgesEffectNetOfTax,us-gaap/2012,,20120630,0,USD,92000000.0,
0001193125-12-316848,AccumulatedOtherComprehensiveIncomeLossCumulativeChangesInNetGainLossFromCashFlowHedgesEffectNetOfTax,us-gaap/2012,,20100630,0,USD,464000000.0,
0001193125-12-316848,AccumulatedOtherComprehensiveIncomeLossCumulativeChangesInNetGainLossFromCashFlowHedgesEffectNetOfTax,us-gaap/2012,,20110630,0,USD,-163000000.0,
0001193125-12-316848,AccumulatedOtherComprehensiveIncomeLossForeignCurrencyTranslationAdjustmentNetOfTax,us-gaap/2012,,20120630,0,USD,-101000000.0,
0001193125-12-316848,AccumulatedOtherComprehensiveIncomeLossForeignCurrencyTranslationAdjustmentNetOfTax,us-gaap/2012,,20110630,0,USD,205000000.0,
0001193125-12-316848,AccumulatedOtherComprehensiveIncomeLossForeignCurrencyTranslationAdjustmentNetOfTax,us-gaap/2012,,20100630,0,USD,-176000000.0,
0001193125-12-316848,AccumulatedOtherComprehensiveIncomeLossNetOfTax,us-gaap/2012,,20100630,0,USD,1055000000.0,
0001193125-12-316848,AccumulatedOtherComprehensiveIncomeLossNetOfTax,us-gaap/2012,,20110630,0,USD,1863000000.0,
0001193125-12-316848,AccumulatedOtherComprehensiveIncomeLossNetOfTax,us-gaap/2012,,20120630,0,USD,1422000000.0,
0001193125-12-316848,AcquiredFiniteLivedIntangibleAssetAmount,us-gaap/2012,,20110630,0,USD,122000000.0,
0001193125-12-316848,AcquiredFiniteLivedIntangibleAssetAmount,us-gaap/2012,,20120630,0,USD,3026000000.0,
0001193125-12-316848,AdvertisingExpense,us-gaap/2012,,20100630,4,USD,1600000000.0,
0001193125-12-316848,AdvertisingExpense,us-gaap/2012,,20120630,4,USD,1600000000.0,
0001193125-12-316848,AdvertisingExpense,us-gaap/2012,,20110630,4,USD,1900000000.0,
0001193125-12-316848,AllocatedShareBasedCompensationExpense,us-gaap/2012,,20110630,4,USD,2166000000.0,
0001193125-12-316848,AllocatedShareBasedCompensationExpense,us-gaap/2012,,20120630,4,USD,2244000000.0,
0001193125-12-316848,AllocatedShareBasedCompensationExpense,us-gaap/2012,,20100630,4,USD,1891000000.0,
0001193125-12-316848,AllowanceForDoubtfulAccountsReceivableCurrent,us-gaap/2012,,20120630,0,USD,389000000.0,
0001193125-12-316848,AllowanceForDoubtfulAccountsReceivableCurrent,us-gaap/2012,,20110630,0,USD,333000000.0,
0001193125-12-316848,AmortizationOfIntangibleAssets,us-gaap/2012,,20100630,4,USD,707000000.0,
0001193125-12-316848,AmortizationOfIntangibleAssets,us-gaap/2012,,20120630,4,USD,558000000.0,
0001193125-12-316848,AmortizationOfIntangibleAssets,us-gaap/2012,,20110630,4,USD,537000000.0,
0001193125-12-316848,AntidilutiveSecuritiesExcludedFromComputationOfEarningsPerShareAmount,us-gaap/2012,,20100630,4,shares,28000000.0,
0001193125-12-316848,AntidilutiveSecuritiesExcludedFromComputationOfEarningsPerShareAmount,us-gaap/2012,,20110630,4,shares,21000000.0,
0001193125-12-316848,AntidilutiveSecuritiesExcludedFromComputationOfEarningsPerShareAmount,us-gaap/2012,,20120630,4,shares,1000000.0,
0001193125-12-316848,Assets,us-gaap/2012,,20120630,0,USD,121271000000.0,
0001193125-12-316848,Assets,us-gaap/2012,,20110630,0,USD,108704000000.0,
0001193125-12-316848,AssetsCurrent,us-gaap/2012,,20110630,0,USD,74918000000.0,
0001193125-12-316848,AssetsCurrent,us-gaap/2012,,20120630,0,USD,85084000000.0,
0001193125-12-316848,AvailableForSaleSecurities,us-gaap/2012,,20110630,0,USD,63637000000.0,
0001193125-12-316848,AvailableForSaleSecurities,us-gaap/2012,,20120630,0,USD,72816000000.0,
0001193125-12-316848,AvailableForSaleSecuritiesAmortizedCost,us-gaap/2012,,20120630,0,USD,70584000000.0,
0001193125-12-316848,AvailableForSaleSecuritiesAmortizedCost,us-gaap/2012,,20110630,0,USD,60804000000.0,
0001193125-12-316848,AvailableForSaleSecuritiesContinuousUnrealizedLossPositionFairValue,us-gaap/2012,,20110630,0,USD,3363000000.0,
0001193125-12-316848,AvailableForSaleSecuritiesContinuousUnrealizedLossPositionFairValue,us-gaap/2012,,20120630,0,USD,3964000000.0,
0001193125-12-316848,AvailableForSaleSecuritiesCurrent,us-gaap/2012,,20120630,0,USD,56102000000.0,
0001193125-12-316848,AvailableForSaleSecuritiesCurrent,us-gaap/2012,,20110630,0,USD,43162000000.0,
0001193125-12-316848,AvailableForSaleSecuritiesDebtMaturitiesAmortizedCost,us-gaap/2012,,20120630,0,USD,59732000000.0,
0001193125-12-316848,AvailableForSaleSecuritiesDebtSecurities,us-gaap/2012,,20120630,0,USD,60196000000.0,
0001193125-12-316848,AvailableForSaleSecuritiesGrossRealizedGains,us-gaap/2012,,20100630,4,USD,605000000.0,
0001193125-12-316848,AvailableForSaleSecuritiesGrossRealizedGains,us-gaap/2012,,20110630,4,USD,734000000.0,
0001193125-12-316848,AvailableForSaleSecuritiesGrossRealizedGains,us-gaap/2012,,20120630,4,USD,1418000000.0,
0001193125-12-316848,AvailableForSaleSecuritiesGrossRealizedLosses,us-gaap/2012,,20120630,4,USD,556000000.0,
0001193125-12-316848,AvailableForSaleSecuritiesGrossRealizedLosses,us-gaap/2012,,20110630,4,USD,215000000.0,
0001193125-12-316848,AvailableForSaleSecuritiesGrossRealizedLosses,us-gaap/2012,,20100630,4,USD,188000000.0,
0001193125-12-316848,AvailableforsaleSecuritiesGrossUnrealizedGain,us-gaap/2012,,20120630,0,USD,2716000000.0,
0001193125-12-316848,AvailableforsaleSecuritiesGrossUnrealizedGain,us-gaap/2012,,20110630,0,USD,3052000000.0,
0001193125-12-316848,AvailableForSaleSecuritiesGrossUnrealizedLosses1,us-gaap/2012,,20110630,0,USD,219000000.0,
0001193125-12-316848,AvailableForSaleSecuritiesGrossUnrealizedLosses1,us-gaap/2012,,20120630,0,USD,484000000.0,
0001193125-12-444068,AccountsPayableCurrent,us-gaap/2012,,20110930,0,USD,14632000000.0,
0001193125-12-444068,AccountsPayableCurrent,us-gaap/2012,,20120930,0,USD,21175000000.0,
0001193125-12-444068,AccountsReceivableNetCurrent,us-gaap/2012,,20110930,0,USD,5369000000.0,
0001193125-12-444068,AccountsReceivableNetCurrent,us-gaap/2012,,20120930,0,USD,10930000000.0,
0001193125-12-444068,AccruedLiabilitiesCurrent,us-gaap/2012,,20110930,0,USD,9247000000.0,
0001193125-12-444068,AccruedLiabilitiesCurrent,us-gaap/2012,,20120930,0,USD,11414000000.0,
0001193125-12-444068,AccruedMarketingCostsCurrent,us-gaap/2012,,20110930,0,USD,598000000.0,
0001193125-12-444068,AccruedMarketingCostsCurrent,us-gaap/2012,,20120930,0,USD,910000000.0,
0001193125-12-444068,AccumulatedDepreciationDepletionAndAmortizationPropertyPlantAndEquipment,us-gaap/2012,,20110930,0,USD,3991000000.0,
0001193125-12-444068,AccumulatedDepreciationDepletionAndAmortizationPropertyPlantAndEquipment,us-gaap/2012,,20120930,0,USD,6435000000.0,
0001193125-12-444068,AccumulatedOtherComprehensiveIncomeLossAvailableForSaleSecuritiesAdjustmentNetOfTax,us-gaap/2012,,20110930,0,USD,130000000.0,
0001193125-12-444068,AccumulatedOtherComprehensiveIncomeLossAvailableForSaleSecuritiesAdjustmentNetOfTax,us-gaap/2012,,20120930,0,USD,731000000.0,
0001193125-12-444068,AccumulatedOtherComprehensiveIncomeLossCumulativeChangesInNetGainLossFromCashFlowHedgesEffectNetOfTax,us-gaap/2012,,20110930,0,USD,290000000.0,
0001193125-12-444068,AccumulatedOtherComprehensiveIncomeLossCumulativeChangesInNetGainLossFromCashFlowHedgesEffectNetOfTax,us-gaap/2012,,20120930,0,USD,-240000000.0,
0001193125-12-444068,AccumulatedOtherComprehensiveIncomeLossForeignCurrencyTranslationAdjustmentNetOfTax,us-gaap/2012,,20110930,0,USD,23000000.0,
0001193125-12-444068,AccumulatedOtherComprehensiveIncomeLossForeignCurrencyTranslationAdjustmentNetOfTax,us-gaap/2012,,20120930,0,USD,8000000.0,
0001193125-12-444068,AccumulatedOtherComprehensiveIncomeLossNetOfTax,us-gaap/2012,,20110930,0,USD,443000000.0,
0001193125-12-444068,AccumulatedOtherComprehensiveIncomeLossNetOfTax,us-gaap/2012,,20120930,0,USD,499000000.0,
0001193125-12-444068,AdjustmentsToAdditionalPaidInCapitalSharebasedCompensationRequisiteServicePeriodRecognitionValue,us-gaap/2012,,20100930,4,USD,876000000.0,
0001193125-12-444068,AdjustmentsToAdditionalPaidInCapitalSharebasedCompensationRequisiteServicePeriodRecognitionValue,us-gaap/2012,,20110930,4,USD,1168000000.0,
0001193125-12-444068,AdjustmentsToAdditionalPaidInCapitalSharebasedCompensationRequisiteServicePeriodRecognitionValue,us-gaap/2012,,20120930,4,USD,1740000000.0,
0001193125-12-444068,AdvertisingExpense,us-gaap/2012,,20100930,4,USD,691000000.0,
0001193125-12-444068,AdvertisingExpense,us-gaap/2012,,20110930,4,USD,933000000.0,
0001193125-12-444068,AdvertisingExpense,us-gaap/2012,,20120930,4,USD,1000000000.0,
0001193125-12-444068,AllowanceForDoubtfulAccountsReceivableCurrent,us-gaap/2012,,20110930,0,USD,53000000.0,
0001193125-12-444068,AllowanceForDoubtfulAccountsReceivableCurrent,us-gaap/2012,,20120930,0,USD,98000000.0,
0001193125-12-444068,AmortizationOfIntangibleAssets,us-gaap/2012,,20100930,4,USD,69000000.0,
0001193125-12-444068,AmortizationOfIntangibleAssets,us-gaap/2012,,20110930,4,USD,192000000.0,
0001193125-12-444068,AmortizationOfIntangibleAssets,us-gaap/2012,,20120930,4,USD,605000000.0,
0001193125-12-444068,AntidilutiveSecuritiesExcludedFromComputationOfEarningsPerShareAmount,us-gaap/2012,,20100930,4,shares,1600000.0,
0001193125-12-444068,AntidilutiveSecuritiesExcludedFromComputationOfEarningsPerShareAmount,us-gaap/2012,,20110930,4,shares,1700000.0,
0001193125-12-444068,AntidilutiveSecuritiesExcludedFromComputationOfEarningsPerShareAmount,us-gaap/2012,,20120930,4,shares,1000000.0,
0001193125-12-444068,Assets,us-gaap/2012,,20110930,0,USD,116371000000.0,
0001193125-12-444068,Assets,us-gaap/2012,,20120930,0,USD,176064000000.0,
0001193125-12-444068,AssetsCurrent,us-gaap/2012,,20110930,0,USD,44988000000.0,
0001193125-12-444068,AssetsCurrent,us-gaap/2012,,20120930,0,USD,57653000000.0,
0001193125-12-444068,AvailableForSaleSecuritiesAmortizedCost,us-gaap/2012,,20110930,0,USD,81464000000.0,
0001193125-12-444068,AvailableForSaleSecuritiesAmortizedCost,us-gaap/2012,,20120930,0,USD,120220000000.0,
0001193125-12-444068,AvailableForSaleSecuritiesCurrent,us-gaap/2012,,20110930,0,USD,16137000000.0,
0001193125-12-444068,AvailableForSaleSecuritiesCurrent,us-gaap/2012,,20120930,0,USD,18383000000.0,
0001193125-12-444068,AvailableForSaleSecuritiesFairValueDisclosure,us-gaap/2012,,20110930,0,USD,81570000000.0,
0001193125-12-444068,AvailableForSaleSecuritiesFairValueDisclosure,us-gaap/2012,,20120930,0,USD,121251000000.0,
0001193125-12-444068,AvailableforsaleSecuritiesGrossUnrealizedGain,us-gaap/2012,,20120930,0,USD,1051000000.0,
0001193125-12-444068,AvailableforsaleSecuritiesGrossUnrealizedGain,us-gaap/2012,,20110930,0,USD,264000000.0,
0001193125-12-444068,AvailableForSaleSecuritiesGrossUnrealizedLosses1,us-gaap/2012,,20120930,0,USD,20000000.0,
0001193125-12-444068,AvailableForSaleSecuritiesGrossUnrealizedLosses1,us-gaap/2012,,20110930,0,USD,158000000.0,
0001193125-12-444068,AvailableForSaleSecuritiesNoncurrent,us-gaap/2012,,20120930,0,USD,92122000000.0,
0001193125-12-444068,AvailableForSaleSecuritiesNoncurrent,us-gaap/2012,,20110930,0,USD,55618000000.0,
0001193125-13-310206,AccumulatedOtherComprehensiveIncomeLossNetOfTax,us-gaap/2013,,20110630,0,USD,1863000000.0,
0001193125-13-310206,AccumulatedOtherComprehensiveIncomeLossNetOfTax,us-gaap/2013,,20120630,0,USD,1422000000.0,
0001193125-13-310206,AccumulatedOtherComprehensiveIncomeLossNetOfTax,us-gaap/2013,,20130630,0,USD,1743000000.0,
0001193125-13-310206,Assets,us-gaap/2013,,20120630,0,USD,121271000000.0,
0001193125-13-310206,Assets,us-gaap/2013,,20130630,0,USD,142431000000.0,
0001193125-13-310206,AvailableForSaleSecuritiesDebtSecurities,us-gaap/2013,,20130630,0,USD,74164000000.0,
0001193125-13-310206,AccountsReceivableNetCurrent,us-gaap/2013,,20130630,0,USD,17486000000.0,
0001193125-13-310206,AccountsReceivableNetCurrent,us-gaap/2013,,20120630,0,USD,15780000000.0,
0001193125-13-310206,AssetsCurrent,us-gaap/2013,,20120630,0,USD,85084000000.0,
0001193125-13-310206,AssetsCurrent,us-gaap/2013,,20130630,0,USD,101466000000.0,
0001193125-13-310206,AccountsPayableCurrent,us-gaap/2013,,20130630,0,USD,4828000000.0,
0001193125-13-310206,AccountsPayableCurrent,us-gaap/2013,,20120630,0,USD,4175000000.0,
0001193125-13-310206,AccumulatedDepreciationDepletionAndAmortizationPropertyPlantAndEquipment,us-gaap/2013,,20120630,0,USD,10962000000.0,
0001193125-13-310206,AccumulatedDepreciationDepletionAndAmortizationPropertyPlantAndEquipment,us-gaap/2013,,20130630,0,USD,12513000000.0,
0001193125-13-310206,AmortizationOfIntangibleAssets,us-gaap/2013,,20130630,4,USD,739000000.0,
0001193125-13-310206,AmortizationOfIntangibleAssets,us-gaap/2013,,20110630,4,USD,537000000.0,
0001193125-13-310206,AmortizationOfIntangibleAssets,us-gaap/2013,,20120630,4,USD,558000000.0,
0001193125-13-310206,AllowanceForDoubtfulAccountsReceivableCurrent,us-gaap/2013,,20130630,0,USD,336000000.0,
0001193125-13-310206,AllowanceForDoubtfulAccountsReceivableCurrent,us-gaap/2013,,20120630,0,USD,389000000.0,
0001193125-13-310206,AvailableForSaleSecurities,us-gaap/2013,,20130630,0,USD,87866000000.0,
0001193125-13-310206,AvailableForSaleSecurities,us-gaap/2013,,20120630,0,USD,72816000000.0,
0001193125-13-310206,AccruedIncomeTaxesCurrent,us-gaap/2013,,20120630,0,USD,789000000.0,
0001193125-13-310206,AccruedIncomeTaxesCurrent,us-gaap/2013,,20130630,0,USD,592000000.0,
0001193125-13-310206,AccruedIncomeTaxesNoncurrent,us-gaap/2013,,20130630,0,USD,9548000000.0,
0001193125-13-310206,AccruedIncomeTaxesNoncurrent,us-gaap/2013,,20120630,0,USD,7634000000.0,
0001193125-13-310206,AccumulatedOtherComprehensiveIncomeLossAvailableForSaleSecuritiesAdjustmentNetOfTax,us-gaap/2013,,20130630,0,USD,1794000000.0,
0001193125-13-310206,AccumulatedOtherComprehensiveIncomeLossAvailableForSaleSecuritiesAdjustmentNetOfTax,us-gaap/2013,,20120630,0,USD,1431000000.0,
0001193125-13-310206,AccumulatedOtherComprehensiveIncomeLossAvailableForSaleSecuritiesAdjustmentNetOfTax,us-gaap/2013,,20110630,0,USD,1821000000.0,
0001193125-13-310206,AdvertisingExpense,us-gaap/2013,,20110630,4,USD,1900000000.0,
0001193125-13-310206,AdvertisingExpense,us-gaap/2013,,20130630,4,USD,2600000000.0,
0001193125-13-310206,AdvertisingExpense,us-gaap/2013,,20120630,4,USD,1600000000.0,
0001193125-13-310206,AccumulatedOtherComprehensiveIncomeLossCumulativeChangesInNetGainLossFromCashFlowHedgesEffectNetOfTax,us-gaap/2013,,20120630,0,USD,92000000.0,
0001193125-13-310206,AccumulatedOtherComprehensiveIncomeLossCumulativeChangesInNetGainLossFromCashFlowHedgesEffectNetOfTax,us-gaap/2013,,20110630,0,USD,-163000000.0,
0001193125-13-310206,AccumulatedOtherComprehensiveIncomeLossCumulativeChangesInNetGainLossFromCashFlowHedgesEffectNetOfTax,us-gaap/2013,,20130630,0,USD,66000000.0,
0001193125-13-310206,AccumulatedOtherComprehensiveIncomeLossForeignCurrencyTranslationAdjustmentNetOfTax,us-gaap/2013,,20130630,0,USD,-117000000.0,
0001193125-13-310206,AccumulatedOtherComprehensiveIncomeLossForeignCurrencyTranslationAdjustmentNetOfTax,us-gaap/2013,,20120630,0,USD,-101000000.0,
0001193125-13-310206,AccumulatedOtherComprehensiveIncomeLossForeignCurrencyTranslationAdjustmentNetOfTax,us-gaap/2013,,20110630,0,USD,205000000.0,
0001193125-13-310206,AvailableForSaleSecuritiesDebtMaturitiesAmortizedCost,us-gaap/2013,,20130630,0,USD,74032000000.0,
0001193125-13-310206,AllocatedShareBasedCompensationExpense,us-gaap/2013,,20110630,4,USD,2166000000.0,
0001193125-13-310206,AllocatedShareBasedCompensationExpense,us-gaap/2013,,20130630,4,USD,2406000000.0,
0001193125-13-310206,AllocatedShareBasedCompensationExpense,us-gaap/2013,,20120630,4,USD,2244000000.0,
0001193125-13-310206,AvailableForSaleSecuritiesCurrent,us-gaap/2013,,20130630,0,USD,73218000000.0,
0001193125-13-310206,AvailableForSaleSecuritiesCurrent,us-gaap/2013,,20120630,0,USD,56102000000.0,
0001193125-13-310206,AvailableForSaleSecuritiesAmortizedCost,us-gaap/2013,,20120630,0,USD,70584000000.0,
0001193125-13-310206,AvailableForSaleSecuritiesAmortizedCost,us-gaap/2013,,20130630,0,USD,85077000000.0,
0001193125-13-310206,AvailableForSaleSecuritiesContinuousUnrealizedLossPositionFairValue,us-gaap/2013,,20130630,0,USD,6050000000.0,
0001193125-13-310206,AvailableForSaleSecuritiesContinuousUnrealizedLossPositionFairValue,us-gaap/2013,,20120630,0,USD,3964000000.0,
0001193125-13-310206,AvailableForSaleSecuritiesGrossRealizedGains,us-gaap/2013,,20110630,4,USD,734000000.0,
0001193125-13-310206,AvailableForSaleSecuritiesGrossRealizedGains,us-gaap/2013,,20120630,4,USD,1418000000.0,
0001193125-13-310206,AvailableForSaleSecuritiesGrossRealizedGains,us-gaap/2013,,20130630,4,USD,489000000.0,
0001193125-13-310206,AvailableForSaleSecuritiesGrossRealizedLosses,us-gaap/2013,,20130630,4,USD,165000000.0,
0001193125-13-310206,AvailableForSaleSecuritiesGrossRealizedLosses,us-gaap/2013,,20120630,4,USD,556000000.0,
0001193125-13-310206,AvailableForSaleSecuritiesGrossRealizedLosses,us-gaap/2013,,20110630,4,USD,215000000.0,
0001193125-13-416534,AccumulatedOtherComprehensiveIncomeLossNetOfTax,us-gaap/2013,,20120930,0,USD,499000000.0,
0001193125-13-416534,AccumulatedOtherComprehensiveIncomeLossNetOfTax,us-gaap/2013,,20130930,0,USD,-471000000.0,
0001193125-13-416534,Assets,us-gaap/2013,,20120930,0,USD,176064000000.0,
0001193125-13-416534,Assets,us-gaap/2013,,20130930,0,USD,207000000000.0,
0001193125-13-416534,AccountsReceivableNetCurrent,us-gaap/2013,,20120930,0,USD,10930000000.0,
0001193125-13-416534,AccountsReceivableNetCurrent,us-gaap/2013,,20130930,0,USD,13102000000.0,
0001193125-13-416534,AdjustmentsToAdditionalPaidInCapitalSharebasedCompensationRequisiteServicePeriodRecognitionValue,us-gaap/2013,,20120930,4,USD,1740000000.0,
0001193125-13-416534,AdjustmentsToAdditionalPaidInCapitalSharebasedCompensationRequisiteServicePeriodRecognitionValue,us-gaap/2013,,20110930,4,USD,1168000000.0,
0001193125-13-416534,AdjustmentsToAdditionalPaidInCapitalSharebasedCompensationRequisiteServicePeriodRecognitionValue,us-gaap/2013,,20130930,4,USD,2253000000.0,
0001193125-13-416534,AssetsCurrent,us-gaap/2013,,20130930,0,USD,73286000000.0,
0001193125-13-416534,AssetsCurrent,us-gaap/2013,,20120930,0,USD,57653000000.0,
0001193125-13-416534,AccountsPayableCurrent,us-gaap/2013,,20120930,0,USD,21175000000.0,
0001193125-13-416534,AccountsPayableCurrent,us-gaap/2013,,20130930,0,USD,22367000000.0,
0001193125-13-416534,AccumulatedDepreciationDepletionAndAmortizationPropertyPlantAndEquipment,us-gaap/2013,,20130930,0,USD,11922000000.0,
0001193125-13-416534,AccumulatedDepreciationDepletionAndAmortizationPropertyPlantAndEquipment,us-gaap/2013,,20120930,0,USD,6435000000.0,
0001193125-13-416534,AmortizationOfIntangibleAssets,us-gaap/2013,,20110930,4,USD,192000000.0,
0001193125-13-416534,AmortizationOfIntangibleAssets,us-gaap/2013,,20130930,4,USD,960000000.0,
0001193125-13-416534,AmortizationOfIntangibleAssets,us-gaap/2013,,20120930,4,USD,605000000.0,
0001193125-13-416534,AccruedLiabilitiesCurrent,us-gaap/2013,,20130930,0,USD,13856000000.0,
0001193125-13-416534,AccruedLiabilitiesCurrent,us-gaap/2013,,20120930,0,USD,11414000000.0,
0001193125-13-416534,AllowanceForDoubtfulAccountsReceivableCurrent,us-gaap/2013,,20120930,0,USD,98000000.0,
0001193125-13-416534,AllowanceForDoubtfulAccountsReceivableCurrent,us-gaap/2013,,20130930,0,USD,99000000.0,
0001193125-13-416534,AvailableForSaleSecurities,us-gaap/2013,,20120930,0,USD,121251000000.0,
0001193125-13-416534,AvailableForSaleSecurities,us-gaap/2013,,20130930,0,USD,146761000000.0,
0001193125-13-416534,AccumulatedOtherComprehensiveIncomeLossAvailableForSaleSecuritiesAdjustmentNetOfTax,us-gaap/2013,,20120930,0,USD,731000000.0,
0001193125-13-416534,AccumulatedOtherComprehensiveIncomeLossAvailableForSaleSecuritiesAdjustmentNetOfTax,us-gaap/2013,,20130930,0,USD,-191000000.0,
0001193125-13-416534,AdvertisingExpense,us-gaap/2013,,20130930,4,USD,1100000000.0,
0001193125-13-416534,AdvertisingExpense,us-gaap/2013,,20110930,4,USD,933000000.0,
0001193125-13-416534,AdvertisingExpense,us-gaap/2013,,20120930,4,USD,1000000000.0,
0001193125-13-416534,AccumulatedOtherComprehensiveIncomeLossCumulativeChangesInNetGainLossFromCashFlowHedgesEffectNetOfTax,us-gaap/2013,,20120930,0,USD,-240000000.0,
0001193125-13-416534,AccumulatedOtherComprehensiveIncomeLossCumulativeChangesInNetGainLossFromCashFlowHedgesEffectNetOfTax,us-gaap/2013,,20130930,0,USD,-175000000.0,
0001193125-13-416534,AccumulatedOtherComprehensiveIncomeLossForeignCurrencyTranslationAdjustmentNetOfTax,us-gaap/2013,,20130930,0,USD,-105000000.0,
0001193125-13-416534,AccumulatedOtherComprehensiveIncomeLossForeignCurrencyTranslationAdjustmentNetOfTax,us-gaap/2013,,20120930,0,USD,8000000.0,
0001193125-13-416534,AccruedMarketingCostsCurrent,us-gaap/2013,,20120930,0,USD,910000000.0,
0001193125-13-416534,AccruedMarketingCostsCurrent,us-gaap/2013,,20130930,0,USD,1291000000.0,
0001193125-13-416534,AvailableForSaleSecuritiesCurrent,us-gaap/2013,,20130930,0,USD,26287000000.0,
0001193125-13-416534,AvailableForSaleSecuritiesCurrent,us-gaap/2013,,20120930,0,USD,18383000000.0,
0001193125-13-416534,AntidilutiveSecuritiesExcludedFromComputationOfEarningsPerShareAmount,us-gaap/2013,,20120930,4,shares,1000000.0,
0001193125-13-416534,AntidilutiveSecuritiesExcludedFromComputationOfEarningsPerShareAmount,us-gaap/2013,,20110930,4,shares,1700000.0,
0001193125-13-416534,AntidilutiveSecuritiesExcludedFromComputationOfEarningsPerShareAmount,us-gaap/2013,,20130930,4,shares,4200000.0,
0001193125-13-416534,AvailableForSaleSecuritiesAmortizedCost,us-gaap/2013,,20120930,0,USD,120220000000.0,
0001193125-13-416534,AvailableForSaleSecuritiesAmortizedCost,us-gaap/2013,,20130930,0,USD,147143000000.0,
0001193125-13-416534,AvailableForSaleSecuritiesNoncurrent,us-gaap/2013,,20120930,0,USD,92122000000.0,
0001193125-13-416534,AvailableForSaleSecuritiesNoncurrent,us-gaap/2013,,20130930,0,USD,106215000000.0,
0001193125-14-289961,AccumulatedOtherComprehensiveIncomeLossNetOfTax,us-gaap/2013,,20120630,0,USD,1422000000.0,
0001193125-14-289961,AccumulatedOtherComprehensiveIncomeLossNetOfTax,us-gaap/2013,,20130630,0,USD,1743000000.0,
0001193125-14-289961,AccumulatedOtherComprehensiveIncomeLossNetOfTax,us-gaap/2013,,20140630,0,USD,3708000000.0,
0001193125-14-289961,Assets,us-gaap/2013,,20130630,0,USD,142431000000.0,
0001193125-14-289961,Assets,us-gaap/2013,,20140630,0,USD,172384000000.0,
0001193125-14-289961,AvailableForSaleSecuritiesDebtSecurities,us-gaap/2013,,20140630,0,USD,80125000000.0,
0001193125-14-289961,AccountsReceivableNetCurrent,us-gaap/2013,,20140630,0,USD,19544000000.0,
0001193125-14-289961,AccountsReceivableNetCurrent,us-gaap/2013,,20130630,0,USD,17486000000.0,
0001193125-14-289961,AssetsCurrent,us-gaap/2013,,20130630,0,USD,101466000000.0,
0001193125-14-289961,AssetsCurrent,us-gaap/2013,,20140630,0,USD,114246000000.0,
0001193125-14-289961,AccountsPayableCurrent,us-gaap/2013,,20130630,0,USD,4828000000.0,
0001193125-14-289961,AccountsPayableCurrent,us-gaap/2013,,20140630,0,USD,7432000000.0,
0001193125-14-289961,AccumulatedDepreciationDepletionAndAmortizationPropertyPlantAndEquipment,us-gaap/2013,,20140630,0,USD,14793000000.0,
0001193125-14-289961,AccumulatedDepreciationDepletionAndAmortizationPropertyPlantAndEquipment,us-gaap/2013,,20130630,0,USD,12513000000.0,
0001193125-14-289961,AmortizationOfIntangibleAssets,us-gaap/2013,,20140630,4,USD,845000000.0,
0001193125-14-289961,AmortizationOfIntangibleAssets,us-gaap/2013,,20120630,4,USD,558000000.0,
0001193125-14-289961,AmortizationOfIntangibleAssets,us-gaap/2013,,20130630,4,USD,739000000.0,
0001193125-14-289961,AllowanceForDoubtfulAccountsReceivableCurrent,us-gaap/2013,,20130630,0,USD,336000000.0,
0001193125-14-289961,AllowanceForDoubtfulAccountsReceivableCurrent,us-gaap/2013,,20140630,0,USD,301000000.0,
0001193125-14-289961,AvailableForSaleSecurities,us-gaap/2013,,20130630,0,USD,87866000000.0,
0001193125-14-289961,AvailableForSaleSecurities,us-gaap/2013,,20140630,0,USD,98770000000.0,Excludes held-to-maturity investments recorded at amortized cost and measured at fair value on a nonrecurring basis.
0001193125-14-289961,AccruedIncomeTaxesCurrent,us-gaap/2013,,20140630,0,USD,782000000.0,
0001193125-14-289961,AccruedIncomeTaxesCurrent,us-gaap/2013,,20130630,0,USD,592000000.0,
0001193125-14-289961,AccruedIncomeTaxesNoncurrent,us-gaap/2013,,20140630,0,USD,10510000000.0,
0001193125-14-289961,AccruedIncomeTaxesNoncurrent,us-gaap/2013,,20130630,0,USD,9548000000.0,
0001193125-14-289961,AdvertisingExpense,us-gaap/2013,,20130630,4,USD,2600000000.0,
0001193125-14-289961,AdvertisingExpense,us-gaap/2013,,20120630,4,USD,1600000000.0,
0001193125-14-289961,AdvertisingExpense,us-gaap/2013,,20140630,4,USD,2300000000.0,
0001193125-14-289961,AvailableForSaleSecuritiesDebtMaturitiesAmortizedCost,us-gaap/2013,,20140630,0,USD,79789000000.0,"Excludes held-to-maturity investments due October 31, 2023 with a cost basis and estimated fair value at June 30, 2014 of $1.5 billion and $1.7 billion, respectively."
0001193125-14-289961,AllocatedShareBasedCompensationExpense,us-gaap/2013,,20130630,4,USD,2406000000.0,
0001193125-14-289961,AllocatedShareBasedCompensationExpense,us-gaap/2013,,20140630,4,USD,2446000000.0,
0001193125-14-289961,AllocatedShareBasedCompensationExpense,us-gaap/2013,,20120630,4,USD,2244000000.0,
0001193125-14-289961,AvailableForSaleSecuritiesCurrent,us-gaap/2013,,20140630,0,USD,77040000000.0,
0001193125-14-289961,AvailableForSaleSecuritiesCurrent,us-gaap/2013,,20130630,0,USD,73218000000.0,
0001193125-14-289961,AvailableForSaleSecuritiesAmortizedCost,us-gaap/2013,,20140630,0,USD,93308000000.0,
0001193125-14-289961,AvailableForSaleSecuritiesAmortizedCost,us-gaap/2013,,20130630,0,USD,85077000000.0,
0001193125-14-289961,AvailableForSaleSecuritiesContinuousUnrealizedLossPositionFairValue,us-gaap/2013,,20140630,0,USD,7687000000.0,
0001193125-14-289961,AvailableForSaleSecuritiesContinuousUnrealizedLossPositionFairValue,us-gaap/2013,,20130630,0,USD,6050000000.0,
0001193125-14-289961,AvailableForSaleSecuritiesGrossRealizedGains,us-gaap/2013,,20130630,4,USD,489000000.0,
0001193125-14-289961,AvailableForSaleSecuritiesGrossRealizedGains,us-gaap/2013,,20140630,4,USD,776000000.0,
0001193125-14-289961,AvailableForSaleSecuritiesGrossRealizedGains,us-gaap/2013,,20120630,4,USD,1418000000.0,
0001193125-14-289961,AvailableForSaleSecuritiesGrossRealizedLosses,us-gaap/2013,,20120630,4,USD,556000000.0,
0001193125-14-289961,AvailableForSaleSecuritiesGrossRealizedLosses,us-gaap/2013,,20140630,4,USD,233000000.0,
0001193125-14-289961,AvailableForSaleSecuritiesGrossRealizedLosses,us-gaap/2013,,20130630,4,USD,165000000.0,
0001193125-14-383437,AccountsPayableCurrent,us-gaap/2014,,20130930,0,USD,22367000000.0,
0001193125-14-383437,AccountsPayableCurrent,us-gaap/2014,,20140930,0,USD,30196000000.0,
0001193125-14-383437,AccountsReceivableNetCurrent,us-gaap/2014,,20130930,0,USD,13102000000.0,
0001193125-14-383437,AccountsReceivableNetCurrent,us-gaap/2014,,20140930,0,USD,17460000000.0,
0001193125-14-383437,AccruedLiabilitiesCurrent,us-gaap/2014,,20130930,0,USD,13856000000.0,
0001193125-14-383437,AccruedLiabilitiesCurrent,us-gaap/2014,,20140930,0,USD,18453000000.0,
0001193125-14-383437,AccumulatedDepreciationDepletionAndAmortizationPropertyPlantAndEquipment,us-gaap/2014,,20130930,0,USD,11922000000.0,
0001193125-14-383437,AccumulatedDepreciationDepletionAndAmortizationPropertyPlantAndEquipment,us-gaap/2014,,20140930,0,USD,18391000000.0,
0001193125-14-383437,AllowanceForDoubtfulAccountsReceivableCurrent,us-gaap/2014,,20130930,0,USD,99000000.0,
0001193125-14-383437,AllowanceForDoubtfulAccountsReceivableCurrent,us-gaap/2014,,20140930,0,USD,86000000.0,
0001193125-14-383437,Assets,us-gaap/2014,,20130930,0,USD,207000000000.0,
0001193125-14-383437,Assets,us-gaap/2014,,20140930,0,USD,231839000000.0,
0001193125-14-383437,AssetsCurrent,us-gaap/2014,,20130930,0,USD,73286000000.0,
0001193125-14-383437,AssetsCurrent,us-gaap/2014,,20140930,0,USD,68531000000.0,
0001193125-14-383437,AccumulatedOtherComprehensiveIncomeLossNetOfTax,us-gaap/2014,,20140930,0,USD,1082000000.0,
0001193125-14-383437,AccumulatedOtherComprehensiveIncomeLossNetOfTax,us-gaap/2014,,20130930,0,USD,-471000000.0,
0001193125-14-383437,AdjustmentsToAdditionalPaidInCapitalSharebasedCompensationRequisiteServicePeriodRecognitionValue,us-gaap/2014,,20140930,4,USD,2863000000.0,
0001193125-14-383437,AdjustmentsToAdditionalPaidInCapitalSharebasedCompensationRequisiteServicePeriodRecognitionValue,us-gaap/2014,,20130930,4,USD,2253000000.0,
0001193125-14-383437,AdjustmentsToAdditionalPaidInCapitalSharebasedCompensationRequisiteServicePeriodRecognitionValue,us-gaap/2014,,20120930,4,USD,1740000000.0,
0001193125-14-383437,AllocatedShareBasedCompensationExpense,us-gaap/2014,,20120930,4,USD,1740000000.0,
0001193125-14-383437,AllocatedShareBasedCompensationExpense,us-gaap/2014,,20130930,4,USD,2253000000.0,
0001193125-14-383437,AllocatedShareBasedCompensationExpense,us-gaap/2014,,20140930,4,USD,2863000000.0,
0001193125-14-383437,AmortizationOfIntangibleAssets,us-gaap/2014,,20120930,4,USD,605000000.0,
0001193125-14-383437,AmortizationOfIntangibleAssets,us-gaap/2014,,20140930,4,USD,1100000000.0,
0001193125-14-383437,AmortizationOfIntangibleAssets,us-gaap/2014,,20130930,4,USD,960000000.0,
0001193125-14-383437,AvailableForSaleSecurities,us-gaap/2014,,20140930,0,USD,155239000000.0,
0001193125-14-383437,AvailableForSaleSecurities,us-gaap/2014,,20130930,0,USD,146761000000.0,
0001193125-14-383437,AvailableForSaleSecuritiesCurrent,us-gaap/2014,,20140930,0,USD,11233000000.0,
0001193125-14-383437,AvailableForSaleSecuritiesCurrent,us-gaap/2014,,20130930,0,USD,26287000000.0,
0001193125-14-383437,AvailableForSaleSecuritiesNoncurrent,us-gaap/2014,,20130930,0,USD,106215000000.0,
0001193125-14-383437,AvailableForSaleSecuritiesNoncurrent,us-gaap/2014,,20140930,0,USD,130162000000.0,
0001193125-14-383437,AdvertisingExpense,us-gaap/2014,,20140930,4,USD,1200000000.0,
0001193125-14-383437,AdvertisingExpense,us-gaap/2014,,20120930,4,USD,1000000000.0,
0001193125-14-383437,AdvertisingExpense,us-gaap/2014,,20130930,4,USD,1100000000.0,
0001193125-14-383437,AvailableForSaleSecuritiesAmortizedCost,us-gaap/2014,,20130930,0,USD,147143000000.0,
0001193125-14-383437,AvailableForSaleSecuritiesAmortizedCost,us-gaap/2014,,20140930,0,USD,155332000000.0,
0001193125-14-383437,AccruedMarketingCostsCurrent,us-gaap/2014,,20130930,0,USD,1291000000.0,
0001193125-14-383437,AccruedMarketingCostsCurrent,us-gaap/2014,,20140930,0,USD,2321000000.0,
0001193125-14-383437,AvailableForSaleSecuritiesAccumulatedGrossUnrealizedLossBeforeTax,us-gaap/2014,,20130930,0,USD,796000000.0,
0001193125-14-383437,AvailableForSaleSecuritiesAccumulatedGrossUnrealizedLossBeforeTax,us-gaap/2014,,20140930,0,USD,511000000.0,
0001193125-15-272806,AccountsPayableCurrent,us-gaap/2015,,20140630,0,USD,7432000000.0,
0001193125-15-272806,AccountsPayableCurrent,us-gaap/2015,,20150630,0,USD,6591000000.0,
0001193125-15-272806,AccountsReceivableNetCurrent,us-gaap/2015,,20140630,0,USD,19544000000.0,
0001193125-15-272806,AccountsReceivableNetCurrent,us-gaap/2015,,20150630,0,USD,17908000000.0,
0001193125-15-272806,AccumulatedDepreciationDepletionAndAmortizationPropertyPlantAndEquipment,us-gaap/2015,,20140630,0,USD,14793000000.0,
0001193125-15-272806,AccumulatedDepreciationDepletionAndAmortizationPropertyPlantAndEquipment,us-gaap/2015,,20150630,0,USD,17606000000.0,
0001193125-15-272806,AllowanceForDoubtfulAccountsReceivableCurrent,us-gaap/2015,,20140630,0,USD,301000000.0,
0001193125-15-272806,AllowanceForDoubtfulAccountsReceivableCurrent,us-gaap/2015,,20150630,0,USD,335000000.0,
0001193125-15-272806,Assets,us-gaap/2015,,20140630,0,USD,172384000000.0,
0001193125-15-272806,Assets,us-gaap/2015,,20150630,0,USD,176223000000.0,
0001193125-15-272806,AssetsCurrent,us-gaap/2015,,20140630,0,USD,114246000000.0,
0001193125-15-272806,AssetsCurrent,us-gaap/2015,,20150630,0,USD,124712000000.0,
0001193125-15-272806,AccumulatedOtherComprehensiveIncomeLossNetOfTax,us-gaap/2015,,20130630,0,USD,1743000000.0,
0001193125-15-272806,AccumulatedOtherComprehensiveIncomeLossNetOfTax,us-gaap/2015,,20140630,0,USD,3708000000.0,
0001193125-15-272806,AccumulatedOtherComprehensiveIncomeLossNetOfTax,us-gaap/2015,,20150630,0,USD,2522000000.0,
0001193125-15-272806,AmortizationOfIntangibleAssets,us-gaap/2015,,20130630,4,USD,739000000.0,
0001193125-15-272806,AmortizationOfIntangibleAssets,us-gaap/2015,,20140630,4,USD,845000000.0,
0001193125-15-272806,AmortizationOfIntangibleAssets,us-gaap/2015,,20150630,4,USD,1300000000.0,
0001193125-15-272806,AllocatedShareBasedCompensationExpense,us-gaap/2015,,20130630,4,USD,2406000000.0,
0001193125-15-272806,AllocatedShareBasedCompensationExpense,us-gaap/2015,,20140630,4,USD,2446000000.0,
0001193125-15-272806,AllocatedShareBasedCompensationExpense,us-gaap/2015,,20150630,4,USD,2574000000.0,
0001193125-15-272806,AvailableForSaleDebtSecuritiesAmortizedCostBasis,us-gaap/2015,,20150630,0,USD,91603000000.0,
0001193125-15-272806,AvailableForSaleSecuritiesDebtSecurities,us-gaap/2015,,20150630,0,USD,91739000000.0,
0001193125-15-272806,AvailableForSaleSecurities,us-gaap/2015,,20140630,0,USD,98770000000.0,
0001193125-15-272806,AvailableForSaleSecurities,us-gaap/2015,,20150630,0,USD,108554000000.0,
0001193125-15-272806,AccruedIncomeTaxesCurrent,us-gaap/2015,,20140630,0,USD,782000000.0,
0001193125-15-272806,AccruedIncomeTaxesCurrent,us-gaap/2015,,20150630,0,USD,606000000.0,
0001193125-15-272806,AccruedIncomeTaxesNoncurrent,us-gaap/2015,,20140630,0,USD,10510000000.0,
0001193125-15-272806,AccruedIncomeTaxesNoncurrent,us-gaap/2015,,20150630,0,USD,12290000000.0,
0001193125-15-272806,AssetImpairmentCharges,us-gaap/2015,,20130630,4,USD,0.0,
0001193125-15-272806,AssetImpairmentCharges,us-gaap/2015,,20140630,4,USD,0.0,
0001193125-15-272806,AssetImpairmentCharges,us-gaap/2015,,20150630,4,USD,7498000000.0,
0001193125-15-272806,AdvertisingExpense,us-gaap/2015,,20130630,4,USD,2600000000.0,
0001193125-15-272806,AdvertisingExpense,us-gaap/2015,,20140630,4,USD,2300000000.0,
0001193125-15-272806,AdvertisingExpense,us-gaap/2015,,20150630,4,USD,1900000000.0,
0001193125-15-272806,AvailableForSaleSecuritiesCurrent,us-gaap/2015,,20140630,0,USD,77040000000.0,
0001193125-15-272806,AvailableForSaleSecuritiesCurrent,us-gaap/2015,,20150630,0,USD,90931000000.0,
0001193125-15-272806,AvailableForSaleSecuritiesAmortizedCost,us-gaap/2015,,20140630,0,USD,93308000000.0,
0001193125-15-272806,AvailableForSaleSecuritiesAmortizedCost,us-gaap/2015,,20150630,0,USD,103647000000.0,
0001193125-15-272806,AvailableForSaleSecuritiesAccumulatedGrossUnrealizedLossBeforeTax,us-gaap/2015,,20140630,0,USD,131000000.0,
0001193125-15-272806,AvailableForSaleSecuritiesAccumulatedGrossUnrealizedLossBeforeTax,us-gaap/2015,,20150630,0,USD,313000000.0,
0001193125-15-272806,AvailableForSaleSecuritiesContinuousUnrealizedLossPositionFairValue,us-gaap/2015,,20140630,0,USD,7687000000.0,
0001193125-15-272806,AvailableForSaleSecuritiesContinuousUnrealizedLossPositionFairValue,us-gaap/2015,,20150630,0,USD,19508000000.0,
0001193125-15-272806,AvailableForSaleSecuritiesGrossRealizedGains,us-gaap/2015,,20130630,4,USD,489000000.0,
0001193125-15-272806,AvailableForSaleSecuritiesGrossRealizedGains,us-gaap/2015,,20140630,4,USD,776000000.0,
0001193125-15-272806,AvailableForSaleSecuritiesGrossRealizedGains,us-gaap/2015,,20150630,4,USD,1176000000.0,
0001193125-15-272806,AvailableForSaleSecuritiesGrossRealizedLosses,us-gaap/2015,,20130630,4,USD,165000000.0,
0001193125-15-272806,AvailableForSaleSecuritiesGrossRealizedLosses,us-gaap/2015,,20140630,4,USD,233000000.0,
0001193125-15-272806,AvailableForSaleSecuritiesGrossRealizedLosses,us-gaap/2015,,20150630,4,USD,277000000.0,
0001193125-15-356351,AccountsPayableCurrent,us-gaap/2015,,20140930,0,USD,30196000000.0,
0001193125-15-356351,AccountsPayableCurrent,us-gaap/2015,,20150930,0,USD,35490000000.0,
0001193125-15-356351,AccountsReceivableNetCurrent,us-gaap/2015,,20140930,0,USD,17460000000.0,
0001193125-15-356351,AccountsReceivableNetCurrent,us-gaap/2015,,20150930,0,USD,16849000000.0,
0001193125-15-356351,AccruedLiabilitiesCurrent,us-gaap/2015,,20140930,0,USD,18453000000.0,
0001193125-15-356351,AccruedLiabilitiesCurrent,us-gaap/2015,,20150930,0,USD,25181000000.0,
0001193125-15-356351,AccumulatedDepreciationDepletionAndAmortizationPropertyPlantAndEquipment,us-gaap/2015,,20140930,0,USD,18391000000.0,
0001193125-15-356351,AccumulatedDepreciationDepletionAndAmortizationPropertyPlantAndEquipment,us-gaap/2015,,20150930,0,USD,26786000000.0,
0001193125-15-356351,AllowanceForDoubtfulAccountsReceivableCurrent,us-gaap/2015,,20140930,0,USD,86000000.0,
0001193125-15-356351,AllowanceForDoubtfulAccountsReceivableCurrent,us-gaap/2015,,20150930,0,USD,82000000.0,
0001193125-15-356351,Assets,us-gaap/2015,,20140930,0,USD,231839000000.0,
0001193125-15-356351,Assets,us-gaap/2015,,20150930,0,USD,290479000000.0,
0001193125-15-356351,AssetsCurrent,us-gaap/2015,,20140930,0,USD,68531000000.0,
0001193125-15-356351,AssetsCurrent,us-gaap/2015,,20150930,0,USD,89378000000.0,
0001193125-15-356351,AccumulatedOtherComprehensiveIncomeLossNetOfTax,us-gaap/2015,,20130930,0,USD,-471000000.0,
0001193125-15-356351,AccumulatedOtherComprehensiveIncomeLossNetOfTax,us-gaap/2015,,20140930,0,USD,1082000000.0,
0001193125-15-356351,AccumulatedOtherComprehensiveIncomeLossNetOfTax,us-gaap/2015,,20150930,0,USD,-345000000.0,
0001193125-15-356351,AmortizationOfIntangibleAssets,us-gaap/2015,,20130930,4,USD,960000000.0,
0001193125-15-356351,AmortizationOfIntangibleAssets,us-gaap/2015,,20140930,4,USD,1100000000.0,
0001193125-15-356351,AmortizationOfIntangibleAssets,us-gaap/2015,,20150930,4,USD,1300000000.0,
0001193125-15-356351,AdjustmentsToAdditionalPaidInCapitalSharebasedCompensationRequisiteServicePeriodRecognitionValue,us-gaap/2015,,20130930,4,USD,2253000000.0,
0001193125-15-356351,AdjustmentsToAdditionalPaidInCapitalSharebasedCompensationRequisiteServicePeriodRecognitionValue,us-gaap/2015,,20140930,4,USD,2863000000.0,
0001193125-15-356351,AdjustmentsToAdditionalPaidInCapitalSharebasedCompensationRequisiteServicePeriodRecognitionValue,us-gaap/2015,,20150930,4,USD,3586000000.0,
0001193125-15-356351,AllocatedShareBasedCompensationExpense,us-gaap/2015,,20130930,4,USD,2253000000.0,
0001193125-15-356351,AllocatedShareBasedCompensationExpense,us-gaap/2015,,20140930,4,USD,2863000000.0,
0001193125-15-356351,AllocatedShareBasedCompensationExpense,us-gaap/2015,,20150930,4,USD,3586000000.0,
0001193125-15-356351,AvailableForSaleSecurities,us-gaap/2015,,20140930,0,USD,155239000000.0,
0001193125-15-356351,AvailableForSaleSecurities,us-gaap/2015,,20150930,0,USD,205666000000.0,
0001193125-15-356351,AdvertisingExpense,us-gaap/2015,,20130930,4,USD,1100000000.0,
0001193125-15-356351,AdvertisingExpense,us-gaap/2015,,20140930,4,USD,1200000000.0,
0001193125-15-356351,AdvertisingExpense,us-gaap/2015,,20150930,4,USD,1800000000.0,
0001193125-15-356351,AvailableForSaleSecuritiesCurrent,us-gaap/2015,,20140930,0,USD,11233000000.0,
0001193125-15-356351,AvailableForSaleSecuritiesCurrent,us-gaap/2015,,20150930,0,USD,20481000000.0,
0001193125-15-356351,AvailableForSaleSecuritiesAmortizedCost,us-gaap/2015,,20140930,0,USD,155332000000.0,
0001193125-15-356351,AvailableForSaleSecuritiesAmortizedCost,us-gaap/2015,,20150930,0,USD,206420000000.0,
0001193125-15-356351,AvailableForSaleSecuritiesAccumulatedGrossUnrealizedLossBeforeTax,us-gaap/2015,,20140930,0,USD,511000000.0,
0001193125-15-356351,AvailableForSaleSecuritiesAccumulatedGrossUnrealizedLossBeforeTax,us-gaap/2015,,20150930,0,USD,1328000000.0,
0001193125-15-356351,AvailableForSaleSecuritiesNoncurrent,us-gaap/2015,,20140930,0,USD,130162000000.0,
0001193125-15-356351,AvailableForSaleSecuritiesNoncurrent,us-gaap/2015,,20150930,0,USD,164065000000.0,
0001193125-16-662209,AccountsReceivableNetCurrent,us-gaap/2016,,20150630,0,USD,17908000000.0,
0001193125-16-662209,AccountsReceivableNetCurrent,us-gaap/2016,,20160630,0,USD,18277000000.0,
0001193125-16-662209,AccumulatedOtherComprehensiveIncomeLossNetOfTax,us-gaap/2016,,20140630,0,USD,3708000000.0,
0001193125-16-662209,AccumulatedOtherComprehensiveIncomeLossNetOfTax,us-gaap/2016,,20150630,0,USD,2522000000.0,
0001193125-16-662209,AccumulatedOtherComprehensiveIncomeLossNetOfTax,us-gaap/2016,,20160630,0,USD,1537000000.0,
0001193125-16-662209,AccruedIncomeTaxesCurrent,us-gaap/2016,,20150630,0,USD,606000000.0,
0001193125-16-662209,AccruedIncomeTaxesCurrent,us-gaap/2016,,20160630,0,USD,580000000.0,
0001193125-16-662209,AccruedIncomeTaxesNoncurrent,us-gaap/2016,,20150630,0,USD,12100000000.0,
0001193125-16-662209,AccruedIncomeTaxesNoncurrent,us-gaap/2016,,20160630,0,USD,11800000000.0,
0001193125-16-662209,AccumulatedDepreciationDepletionAndAmortizationPropertyPlantAndEquipment,us-gaap/2016,,20150630,0,USD,17606000000.0,
0001193125-16-662209,AccumulatedDepreciationDepletionAndAmortizationPropertyPlantAndEquipment,us-gaap/2016,,20160630,0,USD,19800000000.0,
0001193125-16-662209,AccountsPayableCurrent,us-gaap/2016,,20150630,0,USD,6591000000.0,
0001193125-16-662209,AccountsPayableCurrent,us-gaap/2016,,20160630,0,USD,6898000000.0,
0001193125-16-662209,AdvertisingExpense,us-gaap/2016,,20140630,4,USD,2300000000.0,
0001193125-16-662209,AdvertisingExpense,us-gaap/2016,,20150630,4,USD,1900000000.0,
0001193125-16-662209,AdvertisingExpense,us-gaap/2016,,20160630,4,USD,1600000000.0,
0001193125-16-662209,AllocatedShareBasedCompensationExpense,us-gaap/2016,,20140630,4,USD,2446000000.0,
0001193125-16-662209,AllocatedShareBasedCompensationExpense,us-gaap/2016,,20150630,4,USD,2574000000.0,
0001193125-16-662209,AllocatedShareBasedCompensationExpense,us-gaap/2016,,20160630,4,USD,2668000000.0,
0001193125-16-662209,AllowanceForDoubtfulAccountsReceivableCurrent,us-gaap/2016,,20150630,0,USD,335000000.0,
0001193125-16-662209,AllowanceForDoubtfulAccountsReceivableCurrent,us-gaap/2016,,20160630,0,USD,426000000.0,
0001193125-16-662209,AmortizationOfIntangibleAssets,us-gaap/2016,,20140630,4,USD,845000000.0,
0001193125-16-662209,AmortizationOfIntangibleAssets,us-gaap/2016,,20150630,4,USD,1300000000.0,
0001193125-16-662209,AmortizationOfIntangibleAssets,us-gaap/2016,,20160630,4,USD,978000000.0,
0001193125-16-662209,AssetImpairmentCharges,us-gaap/2016,,20140630,4,USD,0.0,
0001193125-16-662209,AssetImpairmentCharges,us-gaap/2016,,20150630,4,USD,7498000000.0,
0001193125-16-662209,AssetImpairmentCharges,us-gaap/2016,,20160630,4,USD,630000000.0,
0001193125-16-662209,Assets,us-gaap/2016,,20150630,0,USD,174472000000.0,
0001193125-16-662209,Assets,us-gaap/2016,,20160630,0,USD,193694000000.0,
0001193125-16-662209,AssetsCurrent,us-gaap/2016,,20150630,0,USD,122797000000.0,
0001193125-16-662209,AssetsCurrent,us-gaap/2016,,20160630,0,USD,139660000000.0,
0001193125-16-662209,AvailableForSaleSecuritiesAccumulatedGrossUnrealizedLossBeforeTax,us-gaap/2016,,20150630,0,USD,313000000.0,
0001193125-16-662209,AvailableForSaleSecuritiesAccumulatedGrossUnrealizedLossBeforeTax,us-gaap/2016,,20160630,0,USD,302000000.0,
0001193125-16-662209,AvailableForSaleSecuritiesCurrent,us-gaap/2016,,20150630,0,USD,90931000000.0,
0001193125-16-662209,AvailableForSaleSecuritiesCurrent,us-gaap/2016,,20160630,0,USD,106730000000.0,
0001193125-16-662209,AvailableForSaleSecurities,us-gaap/2016,,20150630,0,USD,108554000000.0,
0001193125-16-662209,AvailableForSaleSecurities,us-gaap/2016,,20160630,0,USD,123646000000.0,
0001193125-16-662209,AvailableForSaleDebtSecuritiesAmortizedCostBasis,us-gaap/2016,,20160630,0,USD,108353000000.0,
0001193125-16-662209,AvailableForSaleSecuritiesAmortizedCost,us-gaap/2016,,20150630,0,USD,103647000000.0,
0001193125-16-662209,AvailableForSaleSecuritiesAmortizedCost,us-gaap/2016,,20160630,0,USD,119053000000.0,
0001193125-16-662209,AvailableForSaleSecuritiesContinuousUnrealizedLossPositionFairValue,us-gaap/2016,,20150630,0,USD,19508000000.0,
0001193125-16-662209,AvailableForSaleSecuritiesContinuousUnrealizedLossPositionFairValue,us-gaap/2016,,20160630,0,USD,14155000000.0,
0001193125-16-662209,AvailableForSaleSecuritiesDebtSecurities,us-gaap/2016,,20160630,0,USD,108730000000.0,
0001193125-16-662209,AvailableForSaleSecuritiesGrossRealizedGains,us-gaap/2016,,20140630,4,USD,776000000.0,
0001193125-16-662209,AvailableForSaleSecuritiesGrossRealizedGains,us-gaap/2016,,20150630,4,USD,1176000000.0,
0001193125-16-662209,AvailableForSaleSecuritiesGrossRealizedGains,us-gaap/2016,,20160630,4,USD,1376000000.0,
0001193125-16-662209,AvailableForSaleSecuritiesGrossRealizedLosses,us-gaap/2016,,20140630,4,USD,233000000.0,
0001193125-16-662209,AvailableForSaleSecuritiesGrossRealizedLosses,us-gaap/2016,,20150630,4,USD,277000000.0,
0001193125-16-662209,AvailableForSaleSecuritiesGrossRealizedLosses,us-gaap/2016,,20160630,4,USD,386000000.0,
0001628280-16-020309,AccountsPayableCurrent,us-gaap/2015,,20150930,0,USD,35490000000.0,
0001628280-16-020309,AccountsPayableCurrent,us-gaap/2015,,20160930,0,USD,37294000000.0,
0001628280-16-020309,AccountsReceivableNetCurrent,us-gaap/2015,,20150930,0,USD,16849000000.0,
0001628280-16-020309,AccountsReceivableNetCurrent,us-gaap/2015,,20160930,0,USD,15754000000.0,
0001628280-16-020309,AccruedLiabilitiesCurrent,us-gaap/2015,,20150930,0,USD,25181000000.0,
0001628280-16-020309,AccruedLiabilitiesCurrent,us-gaap/2015,,20160930,0,USD,22027000000.0,
0001628280-16-020309,AccumulatedDepreciationDepletionAndAmortizationPropertyPlantAndEquipment,us-gaap/2015,,20150930,0,USD,26786000000.0,
0001628280-16-020309,AccumulatedDepreciationDepletionAndAmortizationPropertyPlantAndEquipment,us-gaap/2015,,20160930,0,USD,34235000000.0,
0001628280-16-020309,AllowanceForDoubtfulAccountsReceivableCurrent,us-gaap/2015,,20150930,0,USD,63000000.0,
0001628280-16-020309,AllowanceForDoubtfulAccountsReceivableCurrent,us-gaap/2015,,20160930,0,USD,53000000.0,
0001628280-16-020309,Assets,us-gaap/2015,,20150930,0,USD,290345000000.0,
0001628280-16-020309,Assets,us-gaap/2015,,20160930,0,USD,321686000000.0,
0001628280-16-020309,AssetsCurrent,us-gaap/2015,,20150930,0,USD,89378000000.0,
0001628280-16-020309,AssetsCurrent,us-gaap/2015,,20160930,0,USD,106869000000.0,
0001628280-16-020309,AccumulatedOtherComprehensiveIncomeLossNetOfTax,us-gaap/2015,,20150930,0,USD,-345000000.0,
0001628280-16-020309,AccumulatedOtherComprehensiveIncomeLossNetOfTax,us-gaap/2015,,20160930,0,USD,634000000.0,
0001628280-16-020309,AmortizationOfIntangibleAssets,us-gaap/2015,,20140930,4,USD,1100000000.0,
0001628280-16-020309,AmortizationOfIntangibleAssets,us-gaap/2015,,20150930,4,USD,1300000000.0,
0001628280-16-020309,AmortizationOfIntangibleAssets,us-gaap/2015,,20160930,4,USD,1500000000.0,
0001628280-16-020309,AdjustmentsToAdditionalPaidInCapitalSharebasedCompensationRequisiteServicePeriodRecognitionValue,us-gaap/2015,,20140930,4,USD,2863000000.0,
0001628280-16-020309,AdjustmentsToAdditionalPaidInCapitalSharebasedCompensationRequisiteServicePeriodRecognitionValue,us-gaap/2015,,20150930,4,USD,3586000000.0,
0001628280-16-020309,AdjustmentsToAdditionalPaidInCapitalSharebasedCompensationRequisiteServicePeriodRecognitionValue,us-gaap/2015,,20160930,4,USD,4262000000.0,
0001628280-16-020309,AllocatedShareBasedCompensationExpense,us-gaap/2015,,20140930,4,USD,2863000000.0,
0001628280-16-020309,AllocatedShareBasedCompensationExpense,us-gaap/2015,,20150930,4,USD,3586000000.0,
0001628280-16-020309,AllocatedShareBasedCompensationExpense,us-gaap/2015,,20160930,4,USD,4210000000.0,
0001628280-16-020309,AvailableForSaleSecurities,us-gaap/2015,,20150930,0,USD,205666000000.0,
0001628280-16-020309,AvailableForSaleSecurities,us-gaap/2015,,20160930,0,USD,237585000000.0,
0001628280-16-020309,AvailableForSaleSecuritiesCurrent,us-gaap/2015,,20150930,0,USD,20481000000.0,
0001628280-16-020309,AvailableForSaleSecuritiesCurrent,us-gaap/2015,,20160930,0,USD,46671000000.0,
0001628280-16-020309,AvailableForSaleSecuritiesAmortizedCost,us-gaap/2015,,20150930,0,USD,206420000000.0,
0001628280-16-020309,AvailableForSaleSecuritiesAmortizedCost,us-gaap/2015,,20160930,0,USD,235810000000.0,
0001628280-16-020309,AvailableForSaleSecuritiesAccumulatedGrossUnrealizedLossBeforeTax,us-gaap/2015,,20150930,0,USD,1328000000.0,
0001628280-16-020309,AvailableForSaleSecuritiesAccumulatedGrossUnrealizedLossBeforeTax,us-gaap/2015,,20160930,0,USD,411000000.0,
0001628280-16-020309,AvailableForSaleSecuritiesNoncurrent,us-gaap/2015,,20150930,0,USD,164065000000.0,
0001628280-16-020309,AvailableForSaleSecuritiesNoncurrent,us-gaap/2015,,20160930,0,USD,170430000000.0,
0001564590-17-014900,AccountsPayableCurrent,us-gaap/2017,,20170630,0,USD,7390000000.0,
0001564590-17-014900,AccountsPayableCurrent,us-gaap/2017,,20160630,0,USD,6898000000.0,
0001564590-17-014900,AccountsReceivableNetCurrent,us-gaap/2017,,20170630,0,USD,19792000000.0,
0001564590-17-014900,AccountsReceivableNetCurrent,us-gaap/2017,,20160630,0,USD,18277000000.0,
0001564590-17-014900,AccruedIncomeTaxesCurrent,us-gaap/2017,,20170630,0,USD,718000000.0,
0001564590-17-014900,AccruedIncomeTaxesCurrent,us-gaap/2017,,20160630,0,USD,580000000.0,
0001564590-17-014900,AccruedIncomeTaxesNoncurrent,us-gaap/2017,,20170630,0,USD,13500000000.0,
0001564590-17-014900,AccruedIncomeTaxesNoncurrent,us-gaap/2017,,20160630,0,USD,11800000000.0,
0001564590-17-014900,AccumulatedDepreciationDepletionAndAmortizationPropertyPlantAndEquipment,us-gaap/2017,,20170630,0,USD,24179000000.0,
0001564590-17-014900,AccumulatedDepreciationDepletionAndAmortizationPropertyPlantAndEquipment,us-gaap/2017,,20160630,0,USD,19800000000.0,
0001564590-17-014900,AccumulatedOtherComprehensiveIncomeLossNetOfTax,us-gaap/2017,,20170630,0,USD,431000000.0,
0001564590-17-014900,AccumulatedOtherComprehensiveIncomeLossNetOfTax,us-gaap/2017,,20160630,0,USD,1537000000.0,
0001564590-17-014900,AdvertisingExpense,us-gaap/2017,,20170630,4,USD,1500000000.0,
0001564590-17-014900,AdvertisingExpense,us-gaap/2017,,20160630,4,USD,1600000000.0,
0001564590-17-014900,AdvertisingExpense,us-gaap/2017,,20150630,4,USD,1900000000.0,
0001564590-17-014900,AllocatedShareBasedCompensationExpense,us-gaap/2017,,20170630,4,USD,3266000000.0,
0001564590-17-014900,AllocatedShareBasedCompensationExpense,us-gaap/2017,,20160630,4,USD,2668000000.0,
0001564590-17-014900,AllocatedShareBasedCompensationExpense,us-gaap/2017,,20150630,4,USD,2574000000.0,
0001564590-17-014900,AllowanceForDoubtfulAccountsReceivableCurrent,us-gaap/2017,,20170630,0,USD,405000000.0,
0001564590-17-014900,AllowanceForDoubtfulAccountsReceivableCurrent,us-gaap/2017,,20160630,0,USD,426000000.0,
0001564590-17-014900,AmortizationOfIntangibleAssets,us-gaap/2017,,20170630,4,USD,1700000000.0,
0001564590-17-014900,AmortizationOfIntangibleAssets,us-gaap/2017,,20160630,4,USD,978000000.0,
0001564590-17-014900,AmortizationOfIntangibleAssets,us-gaap/2017,,20150630,4,USD,1300000000.0,
0001564590-17-014900,AssetImpairmentCharges,us-gaap/2017,,20170630,4,USD,0.0,
0001564590-17-014900,AssetImpairmentCharges,us-gaap/2017,,20160630,4,USD,630000000.0,
0001564590-17-014900,AssetImpairmentCharges,us-gaap/2017,,20150630,4,USD,7498000000.0,
0001564590-17-014900,Assets,us-gaap/2017,,20170630,0,USD,241086000000.0,
0001564590-17-014900,Assets,us-gaap/2017,,20160630,0,USD,193468000000.0,
0001564590-17-014900,AssetsCurrent,us-gaap/2017,,20170630,0,USD,159851000000.0,
0001564590-17-014900,AssetsCurrent,us-gaap/2017,,20160630,0,USD,139660000000.0,
0001564590-17-014900,AvailableForSaleDebtSecuritiesAmortizedCostBasis,us-gaap/2017,,20170630,0,USD,128063000000.0,
0001564590-17-014900,AvailableForSaleSecurities,us-gaap/2017,,20170630,0,USD,139004000000.0,
0001564590-17-014900,AvailableForSaleSecurities,us-gaap/2017,,20160630,0,USD,123671000000.0,
0001564590-17-014900,AvailableForSaleSecuritiesAccumulatedGrossUnrealizedLossBeforeTax,us-gaap/2017,,20170630,0,USD,423000000.0,
0001564590-17-014900,AvailableForSaleSecuritiesAccumulatedGrossUnrealizedLossBeforeTax,us-gaap/2017,,20160630,0,USD,302000000.0,
0001564590-17-014900,AvailableForSaleSecuritiesAmortizedCost,us-gaap/2017,,20160630,0,USD,119078000000.0,
0001564590-17-014900,AvailableForSaleSecuritiesAmortizedCost,us-gaap/2017,,20170630,0,USD,136160000000.0,
0001564590-17-014900,AvailableForSaleSecuritiesContinuousUnrealizedLossPositionFairValue,us-gaap/2017,,20170630,0,USD,94287000000.0,
0001564590-17-014900,AvailableForSaleSecuritiesContinuousUnrealizedLossPositionFairValue,us-gaap/2017,,20160630,0,USD,14155000000.0,
0001564590-17-014900,AvailableForSaleSecuritiesCurrent,us-gaap/2017,,20170630,0,USD,125318000000.0,
0001564590-17-014900,AvailableForSaleSecuritiesCurrent,us-gaap/2017,,20160630,0,USD,106730000000.0,
0001564590-17-014900,AvailableForSaleSecuritiesDebtSecurities,us-gaap/2017,,20170630,0,USD,127879000000.0,
0001564590-17-014900,AvailableForSaleSecuritiesGrossRealizedGains,us-gaap/2017,,20170630,4,USD,3064000000.0,
0001564590-17-014900,AvailableForSaleSecuritiesGrossRealizedGains,us-gaap/2017,,20160630,4,USD,1376000000.0,
0001564590-17-014900,AvailableForSaleSecuritiesGrossRealizedGains,us-gaap/2017,,20150630,4,USD,1176000000.0,
0001564590-17-014900,AvailableForSaleSecuritiesGrossRealizedLosses,us-gaap/2017,,20170630,4,USD,426000000.0,
0001564590-17-014900,AvailableForSaleSecuritiesGrossRealizedLosses,us-gaap/2017,,20160630,4,USD,386000000.0,
0001564590-17-014900,AvailableForSaleSecuritiesGrossRealizedLosses,us-gaap/2017,,20150630,4,USD,277000000.0,
0000320193-17-000070,AccountsPayableCurrent,us-gaap/2017,,20160930,0,USD,37294000000.0,
0000320193-17-000070,AccountsPayableCurrent,us-gaap/2017,,20170930,0,USD,49049000000.0,
0000320193-17-000070,AccountsReceivableNetCurrent,us-gaap/2017,,20160930,0,USD,15754000000.0,
0000320193-17-000070,AccountsReceivableNetCurrent,us-gaap/2017,,20170930,0,USD,17874000000.0,
0000320193-17-000070,AccruedLiabilitiesCurrent,us-gaap/2017,,20160930,0,USD,22027000000.0,
0000320193-17-000070,AccruedLiabilitiesCurrent,us-gaap/2017,,20170930,0,USD,25744000000.0,
0000320193-17-000070,AccumulatedDepreciationDepletionAndAmortizationPropertyPlantAndEquipment,us-gaap/2017,,20160930,0,USD,34235000000.0,
0000320193-17-000070,AccumulatedDepreciationDepletionAndAmortizationPropertyPlantAndEquipment,us-gaap/2017,,20170930,0,USD,41293000000.0,
0000320193-17-000070,AccumulatedOtherComprehensiveIncomeLossNetOfTax,us-gaap/2017,,20160930,0,USD,634000000.0,
0000320193-17-000070,AccumulatedOtherComprehensiveIncomeLossNetOfTax,us-gaap/2017,,20170930,0,USD,-150000000.0,
0000320193-17-000070,AdjustmentsToAdditionalPaidInCapitalSharebasedCompensationRequisiteServicePeriodRecognitionValue,us-gaap/2017,,20150930,4,USD,3586000000.0,
0000320193-17-000070,AdjustmentsToAdditionalPaidInCapitalSharebasedCompensationRequisiteServicePeriodRecognitionValue,us-gaap/2017,,20160930,4,USD,4262000000.0,
0000320193-17-000070,AdjustmentsToAdditionalPaidInCapitalSharebasedCompensationRequisiteServicePeriodRecognitionValue,us-gaap/2017,,20170930,4,USD,4909000000.0,
0000320193-17-000070,AllocatedShareBasedCompensationExpense,us-gaap/2017,,20150930,4,USD,3586000000.0,
0000320193-17-000070,AllocatedShareBasedCompensationExpense,us-gaap/2017,,20160930,4,USD,4210000000.0,
0000320193-17-000070,AllocatedShareBasedCompensationExpense,us-gaap/2017,,20170930,4,USD,4840000000.0,
0000320193-17-000070,AllowanceForDoubtfulAccountsReceivableCurrent,us-gaap/2017,,20160930,0,USD,53000000.0,
0000320193-17-000070,AllowanceForDoubtfulAccountsReceivableCurrent,us-gaap/2017,,20170930,0,USD,58000000.0,
0000320193-17-000070,AmortizationOfIntangibleAssets,us-gaap/2017,,20150930,4,USD,1300000000.0,
0000320193-17-000070,AmortizationOfIntangibleAssets,us-gaap/2017,,20160930,4,USD,1500000000.0,
0000320193-17-000070,AmortizationOfIntangibleAssets,us-gaap/2017,,20170930,4,USD,1200000000.0,
0000320193-17-000070,Assets,us-gaap/2017,,20160930,0,USD,321686000000.0,
0000320193-17-000070,Assets,us-gaap/2017,,20170930,0,USD,375319000000.0,
0000320193-17-000070,AssetsCurrent,us-gaap/2017,,20160930,0,USD,106869000000.0,
0000320193-17-000070,AssetsCurrent,us-gaap/2017,,20170930,0,USD,128645000000.0,
0000320193-17-000070,AvailableForSaleSecurities,us-gaap/2017,,20160930,0,USD,237585000000.0,
0000320193-17-000070,AvailableForSaleSecurities,us-gaap/2017,,20170930,0,USD,268895000000.0,
0000320193-17-000070,AvailableForSaleSecuritiesAccumulatedGrossUnrealizedLossBeforeTax,us-gaap/2017,,20160930,0,USD,411000000.0,
0000320193-17-000070,AvailableForSaleSecuritiesAccumulatedGrossUnrealizedLossBeforeTax,us-gaap/2017,,20170930,0,USD,782000000.0,
0000320193-17-000070,AvailableForSaleSecuritiesAmortizedCost,us-gaap/2017,,20160930,0,USD,235810000000.0,
0000320193-17-000070,AvailableForSaleSecuritiesAmortizedCost,us-gaap/2017,,20170930,0,USD,268399000000.0,
0000320193-17-000070,AvailableForSaleSecuritiesCurrent,us-gaap/2017,,20160930,0,USD,46671000000.0,
0000320193-17-000070,AvailableForSaleSecuritiesCurrent,us-gaap/2017,,20170930,0,USD,53892000000.0,
0000320193-17-000070,AvailableForSaleSecuritiesNoncurrent,us-gaap/2017,,20160930,0,USD,170430000000.0,
0000320193-17-000070,AvailableForSaleSecuritiesNoncurrent,us-gaap/2017,,20170930,0,USD,194714000000.0,
0001564590-18-019062,AccountsPayableCurrent,us-gaap/2018,,20170630,0,USD,7390000000.0,
0001564590-18-019062,AccountsPayableCurrent,us-gaap/2018,,20180630,0,USD,8617000000.0,
0001564590-18-019062,AssetImpairmentCharges,us-gaap/2018,,20160630,4,USD,630000000.0,
0001564590-18-019062,AssetImpairmentCharges,us-gaap/2018,,20170630,4,USD,0.0,
0001564590-18-019062,AssetImpairmentCharges,us-gaap/2018,,20180630,4,USD,0.0,
0001564590-18-019062,AccountsReceivableNet,us-gaap/2018,,20160630,0,USD,22300000000.0,
0001564590-18-019062,AccountsReceivableNetCurrent,us-gaap/2018,,20170630,0,USD,22431000000.0,
0001564590-18-019062,AccountsReceivableNetCurrent,us-gaap/2018,,20180630,0,USD,26481000000.0,
0001564590-18-019062,AccountsReceivableNetNoncurrent,us-gaap/2018,,20170630,0,USD,1700000000.0,
0001564590-18-019062,AccountsReceivableNetNoncurrent,us-gaap/2018,,20180630,0,USD,1800000000.0,
0001564590-18-019062,Assets,us-gaap/2018,,20170630,0,USD,250312000000.0,
0001564590-18-019062,Assets,us-gaap/2018,,20180630,0,USD,258848000000.0,
0001564590-18-019062,AssetsCurrent,us-gaap/2018,,20170630,0,USD,162696000000.0,
0001564590-18-019062,AssetsCurrent,us-gaap/2018,,20180630,0,USD,169662000000.0,
0001564590-18-019062,AccruedIncomeTaxesCurrent,us-gaap/2018,,20170630,0,USD,718000000.0,
0001564590-18-019062,AccruedIncomeTaxesCurrent,us-gaap/2018,,20180630,0,USD,2121000000.0,
0001564590-18-019062,AccruedIncomeTaxesNoncurrent,us-gaap/2018,,20170630,0,USD,13485000000.0,
0001564590-18-019062,AccruedIncomeTaxesNoncurrent,us-gaap/2018,,20180630,0,USD,30265000000.0,
0001564590-18-019062,AccumulatedDepreciationDepletionAndAmortizationPropertyPlantAndEquipment,us-gaap/2018,,20170630,0,USD,24179000000.0,
0001564590-18-019062,AccumulatedDepreciationDepletionAndAmortizationPropertyPlantAndEquipment,us-gaap/2018,,20180630,0,USD,29223000000.0,
0001564590-18-019062,AvailableForSaleDebtSecuritiesAmortizedCostBasis,us-gaap/2018,,20180630,0,USD,130701000000.0,
0001564590-18-019062,AvailableForSaleSecurities,us-gaap/2018,,20170630,0,USD,139004000000.0,
0001564590-18-019062,AvailableForSaleSecurities,us-gaap/2018,,20180630,0,USD,135630000000.0,
0001564590-18-019062,AvailableForSaleSecuritiesAccumulatedGrossUnrealizedLossBeforeTax,us-gaap/2018,,20170630,0,USD,423000000.0,
0001564590-18-019062,AvailableForSaleSecuritiesAccumulatedGrossUnrealizedLossBeforeTax,us-gaap/2018,,20180630,0,USD,1257000000.0,
0001564590-18-019062,AvailableForSaleSecuritiesAmortizedCost,us-gaap/2018,,20170630,0,USD,136160000000.0,
0001564590-18-019062,AvailableForSaleSecuritiesAmortizedCost,us-gaap/2018,,20180630,0,USD,136667000000.0,
0001564590-18-019062,AccumulatedOtherComprehensiveIncomeLossNetOfTax,us-gaap/2018,,20170630,0,USD,627000000.0,
0001564590-18-019062,AccumulatedOtherComprehensiveIncomeLossNetOfTax,us-gaap/2018,,20180630,0,USD,-2187000000.0,
0001564590-18-019062,AvailableForSaleSecuritiesContinuousUnrealizedLossPositionFairValue,us-gaap/2018,,20170630,0,USD,94287000000.0,
0001564590-18-019062,AvailableForSaleSecuritiesContinuousUnrealizedLossPositionFairValue,us-gaap/2018,,20180630,0,USD,95989000000.0,
0001564590-18-019062,AvailableForSaleSecuritiesCurrent,us-gaap/2018,,20170630,0,USD,125318000000.0,
0001564590-18-019062,AvailableForSaleSecuritiesCurrent,us-gaap/2018,,20180630,0,USD,121822000000.0,
0001564590-18-019062,AvailableForSaleSecuritiesDebtSecurities,us-gaap/2018,,20180630,0,USD,129579000000.0,
0001564590-18-019062,AvailableForSaleSecuritiesGrossRealizedGains,us-gaap/2018,,20160630,4,USD,1376000000.0,
0001564590-18-019062,AvailableForSaleSecuritiesGrossRealizedGains,us-gaap/2018,,20170630,4,USD,3064000000.0,
0001564590-18-019062,AvailableForSaleSecuritiesGrossRealizedGains,us-gaap/2018,,20180630,4,USD,3478000000.0,
0001564590-18-019062,AvailableForSaleSecuritiesGrossRealizedLosses,us-gaap/2018,,20160630,4,USD,386000000.0,
0001564590-18-019062,AvailableForSaleSecuritiesGrossRealizedLosses,us-gaap/2018,,20170630,4,USD,426000000.0,
0001564590-18-019062,AvailableForSaleSecuritiesGrossRealizedLosses,us-gaap/2018,,20180630,4,USD,1032000000.0,
0001564590-18-019062,AdvertisingExpense,us-gaap/2018,,20160630,4,USD,1600000000.0,
0001564590-18-019062,AdvertisingExpense,us-gaap/2018,,20170630,4,USD,1500000000.0,
0001564590-18-019062,AdvertisingExpense,us-gaap/2018,,20180630,4,USD,1600000000.0,
0001564590-18-019062,AllocatedShareBasedCompensationExpense,us-gaap/2018,,20160630,4,USD,2668000000.0,
0001564590-18-019062,AllocatedShareBasedCompensationExpense,us-gaap/2018,,20170630,4,USD,3266000000.0,
0001564590-18-019062,AllocatedShareBasedCompensationExpense,us-gaap/2018,,20180630,4,USD,3940000000.0,
0001564590-18-019062,AllowanceForDoubtfulAccountsReceivableCurrent,us-gaap/2018,,20170630,0,USD,345000000.0,
0001564590-18-019062,AllowanceForDoubtfulAccountsReceivableCurrent,us-gaap/2018,,20180630,0,USD,377000000.0,
0001564590-18-019062,AmortizationOfIntangibleAssets,us-gaap/2018,,20160630,4,USD,978000000.0,
0001564590-18-019062,AmortizationOfIntangibleAssets,us-gaap/2018,,20170630,4,USD,1700000000.0,
0001564590-18-019062,AmortizationOfIntangibleAssets,us-gaap/2018,,20180630,4,USD,2200000000.0,
0000320193-18-000145,AccountsPayableCurrent,us-gaap/2018,,20170930,0,USD,44242000000.0,
0000320193-18-000145,AccountsPayableCurrent,us-gaap/2018,,20180930,0,USD,55888000000.0,
0000320193-18-000145,AccountsReceivableNetCurrent,us-gaap/2018,,20170930,0,USD,17874000000.0,
0000320193-18-000145,AccountsReceivableNetCurrent,us-gaap/2018,,20180930,0,USD,23186000000.0,
0000320193-18-000145,Assets,us-gaap/2018,,20170930,0,USD,375319000000.0,
0000320193-18-000145,Assets,us-gaap/2018,,20180930,0,USD,365725000000.0,
0000320193-18-000145,AssetsCurrent,us-gaap/2018,,20170930,0,USD,128645000000.0,
0000320193-18-000145,AssetsCurrent,us-gaap/2018,,20180930,0,USD,131339000000.0,
0000320193-18-000145,AssetsNoncurrent,us-gaap/2018,,20170930,0,USD,246674000000.0,
0000320193-18-000145,AssetsNoncurrent,us-gaap/2018,,20180930,0,USD,234386000000.0,
0000320193-18-000145,AccruedIncomeTaxesNoncurrent,us-gaap/2018,,20170930,0,USD,257000000.0,
0000320193-18-000145,AccruedIncomeTaxesNoncurrent,us-gaap/2018,,20180930,0,USD,33589000000.0,
0000320193-18-000145,AccumulatedDepreciationDepletionAndAmortizationPropertyPlantAndEquipment,us-gaap/2018,,20170930,0,USD,41293000000.0,
0000320193-18-000145,AccumulatedDepreciationDepletionAndAmortizationPropertyPlantAndEquipment,us-gaap/2018,,20180930,0,USD,49099000000.0,
0000320193-18-000145,AvailableForSaleSecurities,us-gaap/2018,,20170930,0,USD,268895000000.0,
0000320193-18-000145,AvailableForSaleSecurities,us-gaap/2018,,20180930,0,USD,237100000000.0,
0000320193-18-000145,AvailableForSaleSecuritiesAccumulatedGrossUnrealizedLossBeforeTax,us-gaap/2018,,20170930,0,USD,782000000.0,
0000320193-18-000145,AvailableForSaleSecuritiesAccumulatedGrossUnrealizedLossBeforeTax,us-gaap/2018,,20180930,0,USD,4289000000.0,
0000320193-18-000145,AvailableForSaleSecuritiesAmortizedCost,us-gaap/2018,,20170930,0,USD,268399000000.0,
0000320193-18-000145,AvailableForSaleSecuritiesAmortizedCost,us-gaap/2018,,20180930,0,USD,241180000000.0,
0000320193-18-000145,AccumulatedOtherComprehensiveIncomeLossNetOfTax,us-gaap/2018,,20170930,0,USD,-150000000.0,
0000320193-18-000145,AccumulatedOtherComprehensiveIncomeLossNetOfTax,us-gaap/2018,,20180930,0,USD,-3454000000.0,
0000320193-18-000145,AvailableForSaleSecuritiesContinuousUnrealizedLossPositionFairValue,us-gaap/2018,,20170930,0,USD,110276000000.0,
0000320193-18-000145,AvailableForSaleSecuritiesContinuousUnrealizedLossPositionFairValue,us-gaap/2018,,20180930,0,USD,186837000000.0,
0000320193-18-000145,AvailableForSaleSecuritiesCurrent,us-gaap/2018,,20170930,0,USD,53892000000.0,
0000320193-18-000145,AvailableForSaleSecuritiesCurrent,us-gaap/2018,,20180930,0,USD,40388000000.0,
0000320193-18-000145,AvailableForSaleSecuritiesNoncurrent,us-gaap/2018,,20170930,0,USD,194714000000.0,
0000320193-18-000145,AvailableForSaleSecuritiesNoncurrent,us-gaap/2018,,20180930,0,USD,170799000000.0,
0000320193-18-000145,AdjustmentsToAdditionalPaidInCapitalSharebasedCompensationRequisiteServicePeriodRecognitionValue,us-gaap/2018,,20160930,4,USD,4262000000.0,
0000320193-18-000145,AdjustmentsToAdditionalPaidInCapitalSharebasedCompensationRequisiteServicePeriodRecognitionValue,us-gaap/2018,,20170930,4,USD,4909000000.0,
0000320193-18-000145,AdjustmentsToAdditionalPaidInCapitalSharebasedCompensationRequisiteServicePeriodRecognitionValue,us-gaap/2018,,20180930,4,USD,5443000000.0,
0000320193-18-000145,AllocatedShareBasedCompensationExpense,us-gaap/2018,,20160930,4,USD,4210000000.0,
0000320193-18-000145,AllocatedShareBasedCompensationExpense,us-gaap/2018,,20170930,4,USD,4840000000.0,
0000320193-18-000145,AllocatedShareBasedCompensationExpense,us-gaap/2018,,20180930,4,USD,5340000000.0,
